Rep,Step set size,Group size,Random group score,Super group score
0,1,1,0.0,1.0
0,1,2,0.011723776223776223,1.0
0,1,3,0.010660839160839162,1.0
0,1,4,1.0,1.0
0,1,5,1.0,1.0
0,1,6,1.0,1.0
0,1,7,1.0,1.0
0,1,8,1.0,1.0
0,1,9,1.0,1.0
0,1,10,1.0,1.0
0,1,11,1.0,1.0
0,1,12,1.0,1.0
0,1,13,1.0,1.0
0,1,14,1.0,1.0
0,1,15,1.0,1.0
0,2,1,0.0,1.0
0,2,2,0.011135445848953516,1.0
0,2,3,0.014397185680515517,1.0
0,2,4,0.014803572360840057,1.0
0,2,5,0.016794048551316245,1.0
0,2,6,0.01640206880626458,1.0
0,2,7,0.013200397757665452,1.0
0,2,8,1.0,1.0
0,2,9,1.0,1.0
0,2,10,1.0,1.0
0,2,11,1.0,1.0
0,2,12,1.0,1.0
0,2,13,1.0,1.0
0,2,14,1.0,1.0
0,2,15,1.0,1.0
0,3,1,0.0,0.0
0,3,2,0.03286078081733775,0.8008770887166236
0,3,3,0.03520205065860759,0.8008770887166236
0,3,4,1.0,0.8008770887166236
0,3,5,1.0,0.8008770887166236
0,3,6,1.0,0.7011687553832904
0,3,7,1.0,0.701095078134613
0,3,8,1.0,0.800747459086994
0,3,9,1.0,0.9004259259259259
0,3,10,1.0,0.8007175925925927
0,3,11,1.0,0.8008076442721791
0,3,12,1.0,1.0
0,3,13,1.0,0.9004259259259259
0,3,14,1.0,1.0
0,3,15,1.0,0.9004259259259259
0,4,1,0.0,0.0
0,4,2,0.009565129600707881,0.020008809191088946
0,4,3,0.025189231323548784,0.6013995987724213
0,4,4,0.025189231323548784,0.601193015324792
0,4,5,1.0,0.8007498271784611
0,4,6,1.0,0.7010113246273956
0,4,7,1.0,0.5016984758600013
0,4,8,1.0,0.8007941318856115
0,4,9,1.0,0.6012297990249922
0,4,10,1.0,0.7010804566719363
0,4,11,1.0,0.6012797309648927
0,4,12,1.0,0.9002863247863248
0,4,13,1.0,0.7011006533423104
0,4,14,1.0,0.7011013771740283
0,4,15,1.0,0.9003586497890297
0,5,1,0.0,0.0
0,5,2,0.01761916628564081,0.03463366874910646
0,5,3,0.01625213304877767,0.036885842662149934
0,5,4,0.026888876408036916,0.04059611756953929
0,5,5,0.02645969185868069,0.028053779539828634
0,5,6,0.030751537352242925,0.03549665934397134
0,5,7,0.02645969185868069,0.026251563958464987
0,5,8,0.030751537352242925,0.03952880468445241
0,5,9,0.026888876408036916,0.03513182671603751
0,5,10,0.026888876408036916,0.041770957150820125
0,5,11,0.026888876408036916,0.0435506656709995
0,5,12,1.0,0.03952880468445241
0,5,13,1.0,0.03785791367255926
0,5,14,1.0,0.035615761206191546
0,5,15,1.0,0.03373680776255937
0,6,1,0.0,0.0
0,6,2,0.012695641288820636,0.022287112679589268
0,6,3,0.012695641288820636,0.03822732487346492
0,6,4,0.012351015227273747,0.03822732487346492
0,6,5,0.013209384325986192,0.03367402154168474
0,6,6,0.015354683471285338,0.039448489626791115
0,6,7,0.01967808772660449,0.03779328232027343
0,6,8,0.023515180229572254,0.03905338415697101
0,6,9,0.022656811130859805,0.03926136742665641
0,6,10,0.024373549328284696,0.0403245580028595
0,6,11,0.023515180229572254,0.047163495086230876
0,6,12,1.0,0.047163495086230876
0,6,13,1.0,0.03735434523690205
0,6,14,1.0,0.0403245580028595
0,6,15,1.0,0.04289966529899684
1,1,1,0.0,1.0
1,1,2,0.008576923076923077,1.0
1,1,3,0.7015054945054946,1.0
1,1,4,0.9005054945054944,1.0
1,1,5,0.9005054945054944,1.0
1,1,6,1.0,1.0
1,1,7,0.9005054945054944,1.0
1,1,8,0.9005054945054944,1.0
1,1,9,0.7015109890109891,1.0
1,1,10,0.801010989010989,1.0
1,1,11,0.9004999999999999,1.0
1,1,12,1.0,1.0
1,1,13,1.0,1.0
1,1,14,1.0,1.0
1,1,15,1.0,1.0
1,2,1,0.0,1.0
1,2,2,0.00859024688522378,1.0
1,2,3,0.01426627563958135,1.0
1,2,4,0.016563523968272747,1.0
1,2,5,0.016538671598766236,1.0
1,2,6,0.014417363006200595,1.0
1,2,7,1.0,1.0
1,2,8,1.0,1.0
1,2,9,1.0,1.0
1,2,10,1.0,1.0
1,2,11,1.0,1.0
1,2,12,1.0,1.0
1,2,13,1.0,1.0
1,2,14,1.0,1.0
1,2,15,1.0,1.0
1,3,1,0.0,0.0
1,3,2,0.015192542050107144,0.9003469387755102
1,3,3,0.01685310508955217,1.0
1,3,4,0.9003686274509803,0.8007155662264905
1,3,5,1.0,0.7010592746980576
1,3,6,1.0,0.6013795006527201
1,3,7,1.0,0.9003360655737704
1,3,8,1.0,0.7011026862711133
1,3,9,0.9003686274509803,0.9003401639344262
1,3,10,1.0,0.6014429361480872
1,3,11,0.9003686274509803,0.7010990274370618
1,3,12,1.0,0.9003686274509803
1,3,13,0.9003686274509803,0.9003686274509803
1,3,14,1.0,0.9003686274509803
1,3,15,1.0,1.0
1,4,1,0.0,0.0
1,4,2,0.01545685161911629,0.021669890299180206
1,4,3,0.02052222692177973,1.0
1,4,4,0.01814750947221569,0.9003417721518987
1,4,5,1.0,0.9003417721518987
1,4,6,1.0,1.0
1,4,7,1.0,0.9003991416309013
1,4,8,1.0,1.0
1,4,9,1.0,1.0
1,4,10,1.0,1.0
1,4,11,1.0,1.0
1,4,12,1.0,0.9003991416309013
1,4,13,1.0,1.0
1,4,14,1.0,1.0
1,4,15,1.0,1.0
1,5,1,0.0,0.0
1,5,2,0.01649155238691559,0.01794578044565028
1,5,3,0.0201303397010044,1.0
1,5,4,1.0,1.0
1,5,5,1.0,0.9003651452282158
1,5,6,1.0,1.0
1,5,7,1.0,1.0
1,5,8,1.0,1.0
1,5,9,1.0,0.9002821576763486
1,5,10,1.0,1.0
1,5,11,1.0,1.0
1,5,12,1.0,0.9002821576763486
1,5,13,1.0,1.0
1,5,14,1.0,0.800654542613587
1,5,15,1.0,1.0
1,6,1,0.0,0.0
1,6,2,0.012450402089066854,0.015525718544763057
1,6,3,0.01559055829698498,0.01761973563878015
1,6,4,0.01559055829698498,0.02058819144294654
1,6,5,0.01390279458390481,0.02058819144294654
1,6,6,0.014764542174375806,0.03462298386993412
1,6,7,0.03845277110397668,0.03462298386993412
1,6,8,0.04519461507560788,0.03462298386993412
1,6,9,0.04186128174227455,0.03845277110397668
1,6,10,0.03845277110397668,0.9004212765957448
1,6,11,0.04519461507560788,0.9004212765957448
1,6,12,0.04186128174227455,1.0
1,6,13,0.03629243355123406,1.0
1,6,14,0.04186128174227455,1.0
1,6,15,0.04186128174227455,1.0
2,1,1,0.0,1.0
2,1,2,0.008543956043956046,1.0
2,1,3,0.009763736263736266,1.0
2,1,4,0.009214285714285715,1.0
2,1,5,0.009021978021978024,1.0
2,1,6,1.0,1.0
2,1,7,1.0,1.0
2,1,8,1.0,1.0
2,1,9,1.0,1.0
2,1,10,0.9005439560439561,1.0
2,1,11,1.0,1.0
2,1,12,1.0,1.0
2,1,13,1.0,1.0
2,1,14,1.0,1.0
2,1,15,1.0,1.0
2,2,1,0.0,1.0
2,2,2,0.5018469738131219,1.0
2,2,3,0.7010892834582364,1.0
2,2,4,0.7010964963433904,1.0
2,2,5,1.0,1.0
2,2,6,0.9003655462184874,1.0
2,2,7,1.0,0.9004083333333334
2,2,8,1.0,1.0
2,2,9,1.0,1.0
2,2,10,1.0,1.0
2,2,11,1.0,1.0
2,2,12,1.0,1.0
2,2,13,1.0,1.0
2,2,14,1.0,1.0
2,2,15,1.0,1.0
2,3,1,0.0,0.0
2,3,2,0.012761363864716841,0.9003677685950413
2,3,3,0.8006997844053181,0.9003677685950413
2,3,4,0.9003677685950413,0.9003677685950413
2,3,5,0.9003677685950413,1.0
2,3,6,1.0,0.9003140495867769
2,3,7,1.0,0.9001304347826087
2,3,8,1.0,0.8005867768595042
2,3,9,1.0,1.0
2,3,10,1.0,1.0
2,3,11,0.9003677685950413,1.0
2,3,12,1.0,1.0
2,3,13,1.0,1.0
2,3,14,1.0,1.0
2,3,15,1.0,1.0
2,4,1,0.0,0.0
2,4,2,0.008236891768682773,0.02512723993039508
2,4,3,0.014380225997363294,0.01875849536510113
2,4,4,0.013983091368639566,0.02512192009754391
2,4,5,0.02879270119686888,0.02758093649098653
2,4,6,0.02354312156617917,0.02554937107793607
2,4,7,0.025609981096876695,0.027142996575944035
2,4,8,0.028008387471378682,0.8006941176470589
2,4,9,0.02957701492235908,1.0
2,4,10,0.030361328647849274,0.9003568627450982
2,4,11,1.0,1.0
2,4,12,1.0,1.0
2,4,13,1.0,0.9003568627450982
2,4,14,1.0,1.0
2,4,15,1.0,0.9003568627450982
2,5,1,0.0,0.0
2,5,2,0.005965281326483368,0.022524916355472692
2,5,3,0.013372236814580057,0.02376291359777912
2,5,4,0.016450366251311334,0.022260812539585218
2,5,5,0.019441819242764325,0.024808694073400694
2,5,6,0.017726961995992184,0.9003636363636364
2,5,7,0.018614868415813498,0.8007602608362102
2,5,8,0.018614868415813498,0.9003636363636364
2,5,9,0.02160632140726649,0.9003636363636364
2,5,10,0.018614868415813498,1.0
2,5,11,0.02160632140726649,1.0
2,5,12,0.019891464160494348,0.9003966244725738
2,5,13,0.016450366251311334,0.9003636363636364
2,5,14,0.016450366251311334,1.0
2,5,15,0.016450366251311334,1.0
2,6,1,0.0,0.0
2,6,2,0.015196070561441843,0.02780139262647382
2,6,3,0.019157664603108443,0.03496093549896853
2,6,4,0.023732330696112768,0.03496093549896853
2,6,5,0.04461708245504516,0.02941477472101195
2,6,6,0.04690279674075944,0.03721930246321785
2,6,7,1.0,0.034010485048518085
2,6,8,1.0,0.03767586762566537
2,6,9,1.0,0.040684850428765816
2,6,10,1.0,0.03895546719938259
2,6,11,1.0,0.047563575307490696
2,6,12,1.0,0.047113124857040244
2,6,13,1.0,0.04847059092038866
2,6,14,1.0,0.03715366539758079
2,6,15,1.0,0.047113124857040244
3,1,1,0.0,1.0
3,1,2,0.008038922155688622,1.0
3,1,3,0.008637724550898205,1.0
3,1,4,1.0,1.0
3,1,5,1.0,1.0
3,1,6,1.0,1.0
3,1,7,1.0,1.0
3,1,8,1.0,1.0
3,1,9,1.0,1.0
3,1,10,1.0,1.0
3,1,11,1.0,1.0
3,1,12,1.0,1.0
3,1,13,1.0,1.0
3,1,14,1.0,1.0
3,1,15,1.0,1.0
3,2,1,0.0,1.0
3,2,2,0.006554688602700842,1.0
3,2,3,0.008088627746305413,1.0
3,2,4,0.01035546087390052,1.0
3,2,5,0.01672116358468024,1.0
3,2,6,1.0,1.0
3,2,7,1.0,1.0
3,2,8,1.0,1.0
3,2,9,1.0,1.0
3,2,10,1.0,1.0
3,2,11,1.0,1.0
3,2,12,1.0,1.0
3,2,13,1.0,1.0
3,2,14,1.0,1.0
3,2,15,1.0,1.0
3,3,1,0.0,1.0
3,3,2,0.013208198513296816,1.0
3,3,3,0.01465850421305583,1.0
3,3,4,0.01246480636638606,1.0
3,3,5,0.01691933384316441,1.0
3,3,6,0.022110087800099515,1.0
3,3,7,0.9003653136531365,1.0
3,3,8,1.0,1.0
3,3,9,0.9003653136531365,1.0
3,3,10,1.0,1.0
3,3,11,1.0,1.0
3,3,12,0.9003653136531365,1.0
3,3,13,0.9003653136531365,1.0
3,3,14,1.0,1.0
3,3,15,1.0,1.0
3,4,1,0.0,0.0
3,4,2,0.010009276017282678,0.02726087440064967
3,4,3,0.013964857090175652,0.02726087440064967
3,4,4,0.02136561707600617,0.02726087440064967
3,4,5,0.02309854234487915,0.02726087440064967
3,4,6,0.020224588192100428,0.021474866170196998
3,4,7,0.9003333333333334,0.701036037670629
3,4,8,1.0,0.9003868312757202
3,4,9,1.0,0.8007462417522617
3,4,10,1.0,0.8006818727490996
3,4,11,1.0,0.7011330730279819
3,4,12,1.0,0.8006766271940876
3,4,13,1.0,0.7010525484210176
3,4,14,1.0,0.7010820842859965
3,4,15,1.0,0.9003609958506225
3,5,1,0.0,0.0
3,5,2,0.006631667433326956,0.02641216871581551
3,5,3,0.022403059003882002,0.03077574828010069
3,5,4,0.023553780290779765,0.03077574828010069
3,5,5,0.039393951890951365,0.03176849102284343
3,5,6,0.03444629382564624,0.034083967213319626
3,5,7,0.03704157381151446,0.9004107142857143
3,5,8,0.037089893139245544,0.9004241071428571
3,5,9,0.03890978899502376,1.0
3,5,10,1.0,1.0
3,5,11,1.0,0.9004107142857143
3,5,12,1.0,0.7012468584656084
3,5,13,1.0,0.9004107142857143
3,5,14,1.0,1.0
3,5,15,1.0,0.8008227513227514
3,6,1,0.0,0.0
3,6,2,0.010847073485173792,0.024690565654651123
3,6,3,0.015463641170517878,0.013942625557330493
3,6,4,0.04655233100536828,0.016256634433463264
3,6,5,0.05965658099526848,0.024690565654651123
3,6,6,1.0,0.019219798427246727
3,6,7,1.0,0.026468343432428897
3,6,8,1.0,1.0
3,6,9,1.0,0.9004025974025975
3,6,10,1.0,0.9004234234234234
3,6,11,1.0,1.0
3,6,12,1.0,1.0
3,6,13,1.0,0.8008125073125072
3,6,14,1.0,1.0
3,6,15,1.0,0.9004234234234234
4,1,1,0.0,1.0
4,1,2,0.009737762237762237,1.0
4,1,3,0.00856993006993007,1.0
4,1,4,0.010786713286713287,1.0
4,1,5,0.00973776223776224,1.0
4,1,6,0.010786713286713287,1.0
4,1,7,0.01008741258741259,1.0
4,1,8,0.010786713286713287,1.0
4,1,9,0.011486013986013987,1.0
4,1,10,1.0,1.0
4,1,11,1.0,1.0
4,1,12,1.0,1.0
4,1,13,1.0,1.0
4,1,14,1.0,1.0
4,1,15,1.0,1.0
4,2,1,0.0,1.0
4,2,2,0.01479993775558496,1.0
4,2,3,0.011482763811173044,1.0
4,2,4,0.015233923557017151,1.0
4,2,5,0.01567625736917423,1.0
4,2,6,1.0,1.0
4,2,7,1.0,1.0
4,2,8,1.0,1.0
4,2,9,1.0,1.0
4,2,10,1.0,1.0
4,2,11,1.0,1.0
4,2,12,1.0,1.0
4,2,13,1.0,1.0
4,2,14,1.0,1.0
4,2,15,1.0,1.0
4,3,1,0.0,0.0
4,3,2,0.00702921971240539,0.9004682926829268
4,3,3,0.012161256489688101,0.9004292682926829
4,3,4,0.00855935130487638,0.8006561887532037
4,3,5,0.00914157267296475,0.8009657546118609
4,3,6,0.010673425603434353,0.5018982895582018
4,3,7,0.01727502714941161,0.800926730221617
4,3,8,0.01271434564957106,0.6016354675953542
4,3,9,0.017760000215027605,1.0
4,3,10,0.018310064910956735,0.8009752944412494
4,3,11,0.017685358057918495,1.0
4,3,12,0.016172222271362828,0.9004778325123153
4,3,13,0.019257706083175397,1.0
4,3,14,1.0,1.0
4,3,15,0.9004646464646464,1.0
4,4,1,0.0,0.0
4,4,2,0.015465264131723314,0.030629578186030258
4,4,3,0.013635511913485207,0.028045586091168594
4,4,4,0.9004241071428571,0.02306668998727249
4,4,5,0.9004241071428571,0.8007625
4,4,6,0.9003973214285714,0.6014886257763975
4,4,7,0.8007909865869426,0.9004017857142858
4,4,8,0.900393665158371,1.0
4,4,9,1.0,0.9003348214285716
4,4,10,1.0,0.8008030690537083
4,4,11,1.0,0.9004279279279279
4,4,12,1.0,1.0
4,4,13,1.0,1.0
4,4,14,1.0,1.0
4,4,15,1.0,1.0
4,5,1,0.0,0.0
4,5,2,0.012781895364312628,0.0185373809928991
4,5,3,0.02215219363305312,0.017747907308688575
4,5,4,0.039202353122686294,0.016747907308688574
4,5,5,1.0,0.01619480996355583
4,5,6,1.0,0.028505315376325353
4,5,7,1.0,0.0216098608308708
4,5,8,1.0,0.027884697748540292
4,5,9,1.0,0.027379450254805954
4,5,10,1.0,1.0
4,5,11,1.0,1.0
4,5,12,1.0,1.0
4,5,13,1.0,0.9004151785714285
4,5,14,1.0,0.9003318584070797
4,5,15,1.0,1.0
4,6,1,0.0,0.0
4,6,2,0.016121750518701544,0.029298572094521545
4,6,3,0.016578061791683994,0.023216321012270467
4,6,4,0.019195407766226868,0.023239507625865553
4,6,5,0.03564962139094423,0.026278886224621205
4,6,6,1.0,0.9004112554112554
4,6,7,1.0,0.9004112554112554
4,6,8,1.0,0.9004112554112554
4,6,9,1.0,1.0
4,6,10,1.0,1.0
4,6,11,1.0,1.0
4,6,12,1.0,0.9004112554112554
4,6,13,1.0,0.9004112554112554
4,6,14,1.0,1.0
4,6,15,1.0,1.0
5,1,1,0.0,1.0
5,1,2,0.009094170403587443,1.0
5,1,3,0.012022421524663676,1.0
5,1,4,0.015246636771300448,1.0
5,1,5,0.013452914798206279,1.0
5,1,6,0.014349775784753363,1.0
5,1,7,0.013901345291479822,1.0
5,1,8,1.0,1.0
5,1,9,1.0,1.0
5,1,10,1.0,1.0
5,1,11,1.0,1.0
5,1,12,1.0,1.0
5,1,13,1.0,1.0
5,1,14,1.0,1.0
5,1,15,1.0,1.0
5,2,1,0.0,1.0
5,2,2,0.0069721996322477,1.0
5,2,3,0.009146137882962004,1.0
5,2,4,0.01637867031001209,1.0
5,2,5,0.016816839735523288,1.0
5,2,6,0.01637867031001209,1.0
5,2,7,0.016816839735523288,1.0
5,2,8,1.0,1.0
5,2,9,1.0,1.0
5,2,10,1.0,0.9004017094017094
5,2,11,1.0,1.0
5,2,12,1.0,1.0
5,2,13,1.0,1.0
5,2,14,1.0,1.0
5,2,15,1.0,1.0
5,3,1,0.0,0.0
5,3,2,0.009121015196533891,0.8007012944273804
5,3,3,0.012168361343597901,0.8008998043903498
5,3,4,0.012181983279764361,0.8007173778874979
5,3,5,0.800913757878722,0.800841121495327
5,3,6,0.9004558139534883,0.6015424159227075
5,3,7,0.800855140186916,0.8008558749888224
5,3,8,1.0,0.7013006378172477
5,3,9,1.0,1.0
5,3,10,1.0,0.9003971962616824
5,3,11,1.0,0.800855140186916
5,3,12,1.0,0.8008453094692294
5,3,13,1.0,0.9004579439252336
5,3,14,1.0,0.7012970006520323
5,3,15,1.0,0.6017451138595794
5,4,1,0.0,0.0
5,4,2,0.013504873076216253,0.035640033751235575
5,4,3,0.0160548780767163,0.035446003900489305
5,4,4,0.014967259635880244,0.035446003900489305
5,4,5,0.03615453296235071,0.034094379185779025
5,4,6,0.9004723618090452,0.035649934741334585
5,4,7,1.0,0.8009032067385844
5,4,8,1.0,0.8009032067385844
5,4,9,1.0,0.9004554455445545
5,4,10,1.0,0.9004554455445545
5,4,11,1.0,1.0
5,4,12,1.0,0.9004874371859296
5,4,13,1.0,0.8009448444844484
5,4,14,1.0,0.8009448444844484
5,4,15,1.0,0.8009379094625881
5,5,1,0.0,0.0
5,5,2,0.011747910012676145,0.02150166568380976
5,5,3,0.024360186511261962,0.051313985832080744
5,5,4,0.027953185466329883,0.05833953838733628
5,5,5,0.019159435155338196,0.06445826257502596
5,5,6,0.900440594059406,0.05331478591208875
5,5,7,1.0,0.05245786253502197
5,5,8,1.0,0.05539765651441991
5,5,9,1.0,0.7014003900390039
5,5,10,1.0,0.7014155415541554
5,5,11,1.0,0.8009254425442544
5,5,12,1.0,0.7014006900690068
5,5,13,1.0,0.9004752475247525
5,5,14,1.0,1.0
5,5,15,1.0,1.0
5,6,1,0.0,0.0
5,6,2,0.011170893931645855,0.0238447571516137
5,6,3,0.012200719552526385,0.024808747772051023
5,6,4,0.01808556181641551,0.02390282442710329
5,6,5,0.01951864689878969,0.027652349667785618
5,6,6,0.016613930130565814,0.033069949642603055
5,6,7,1.0,0.033069949642603055
5,6,8,1.0,0.04114261946882738
5,6,9,1.0,0.03640328297593638
5,6,10,1.0,0.03640328297593638
5,6,11,1.0,0.03156492132217767
5,6,12,1.0,0.03782508392380369
5,6,13,1.0,1.0
5,6,14,1.0,1.0
5,6,15,1.0,1.0
6,1,1,0.0,1.0
6,1,2,0.008165919282511211,1.0
6,1,3,0.6016771300448431,1.0
6,1,4,1.0,1.0
6,1,5,1.0,1.0
6,1,6,1.0,1.0
6,1,7,1.0,1.0
6,1,8,1.0,1.0
6,1,9,1.0,1.0
6,1,10,1.0,1.0
6,1,11,1.0,1.0
6,1,12,1.0,1.0
6,1,13,1.0,1.0
6,1,14,1.0,1.0
6,1,15,1.0,1.0
6,2,1,0.0,1.0
6,2,2,0.006919062825175251,1.0
6,2,3,0.0132265302226651,1.0
6,2,4,0.01462993270858122,1.0
6,2,5,0.015170625241291712,1.0
6,2,6,0.015644558890580813,1.0
6,2,7,0.016601496689623872,1.0
6,2,8,0.016592426189159012,1.0
6,2,9,0.015172882068193089,1.0
6,2,10,0.01611849253986991,1.0
6,2,11,0.016601496689623872,1.0
6,2,12,0.015653629391045677,1.0
6,2,13,0.016132098290567207,1.0
6,2,14,1.0,1.0
6,2,15,1.0,1.0
6,3,1,0.0,0.0
6,3,2,0.011251973979454747,0.7014025620690684
6,3,3,0.01277724626453458,0.7012662698397321
6,3,4,0.8009947389398168,0.7011488487702774
6,3,5,0.801005074506645,0.6014354241495228
6,3,6,0.9004898989898991,0.8008746991104134
6,3,7,0.9004898989898991,0.9004898989898991
6,3,8,0.9005025906735751,0.9004410256410257
6,3,9,1.0,0.7013645981003124
6,3,10,1.0,0.8009769456220234
6,3,11,1.0,0.8009309246309246
6,3,12,1.0,0.9004410256410257
6,3,13,1.0,0.9004336734693877
6,3,14,1.0,0.7014261631328619
6,3,15,1.0,0.9004898989898991
6,4,1,0.0,0.0
6,4,2,0.010869947118256808,0.02609690675251805
6,4,3,0.01092612382946488,0.02609690675251805
6,4,4,0.024978302761971737,0.02609690675251805
6,4,5,1.0,1.0
6,4,6,1.0,1.0
6,4,7,1.0,0.7013773114375965
6,4,8,1.0,1.0
6,4,9,1.0,1.0
6,4,10,0.9004870466321243,1.0
6,4,11,1.0,0.7013773114375965
6,4,12,0.9004870466321243,0.701346223354695
6,4,13,1.0,0.900440414507772
6,4,14,0.9005157894736842,1.0
6,4,15,1.0,1.0
6,5,1,0.0,0.0
6,5,2,0.008218319723270605,0.020308816181400513
6,5,3,0.02494571869920273,0.022737601312098888
6,5,4,0.8008868441748118,0.02179834897565029
6,5,5,0.8009309771215023,0.031088546671454203
6,5,6,0.9004589371980677,0.027188636518713866
6,5,7,1.0,0.03534558976571621
6,5,8,0.9004589371980677,0.02814767473800972
6,5,9,1.0,0.031088546671454203
6,5,10,1.0,0.031997970718097166
6,5,11,0.9004589371980677,1.0
6,5,12,1.0,1.0
6,5,13,1.0,1.0
6,5,14,1.0,1.0
6,5,15,1.0,1.0
6,6,1,0.0,0.0
6,6,2,0.015322810514231977,0.018061354736694603
6,6,3,0.021759690246699943,0.018061354736694603
6,6,4,0.04138212809450235,0.018061354736694603
6,6,5,0.030517631780006032,0.05457099118766349
6,6,6,0.026706447323660287,0.033544335268829044
6,6,7,0.021301041918254885,0.800839611104317
6,6,8,0.030517631780006032,0.8008457199528916
6,6,9,0.032165538232751194,0.9004520547945205
6,6,10,0.032165538232751194,0.900393665158371
6,6,11,0.026760132827345788,1.0
6,6,12,0.04138212809450235,0.8008427392324451
6,6,13,1.0,0.8008427392324451
6,6,14,1.0,0.900393665158371
6,6,15,1.0,0.90044
7,1,1,0.0,1.0
7,1,2,0.006772727272727273,1.0
7,1,3,0.006772727272727273,1.0
7,1,4,0.00903846153846154,1.0
7,1,5,0.01083916083916084,1.0
7,1,6,0.01083916083916084,1.0
7,1,7,1.0,1.0
7,1,8,1.0,1.0
7,1,9,1.0,1.0
7,1,10,1.0,1.0
7,1,11,1.0,1.0
7,1,12,1.0,1.0
7,1,13,1.0,1.0
7,1,14,1.0,1.0
7,1,15,1.0,1.0
7,2,1,0.0,1.0
7,2,2,0.011331747771325087,1.0
7,2,3,0.009047075632812571,1.0
7,2,4,0.008787495318254785,1.0
7,2,5,0.013886960254977303,1.0
7,2,6,0.018589248679677893,1.0
7,2,7,0.018583885023810053,1.0
7,2,8,0.015612282143389323,1.0
7,2,9,0.013924518430309151,1.0
7,2,10,0.018149291368877413,1.0
7,2,11,0.016883468584067286,1.0
7,2,12,0.01604687579832196,1.0
7,2,13,0.013917366889152034,1.0
7,2,14,0.016878104928199446,1.0
7,2,15,1.0,1.0
7,3,1,0.0,0.0
7,3,2,0.013775223223413588,0.6014519097874733
7,3,3,0.014922993105523068,0.6014519097874733
7,3,4,0.01681200010348569,0.9003944954128441
7,3,5,0.023288217660696366,0.7012742665112051
7,3,6,1.0,0.900350710900474
7,3,7,1.0,0.8008065248539624
7,3,8,1.0,1.0
7,3,9,1.0,0.7012837853982274
7,3,10,1.0,1.0
7,3,11,1.0,1.0
7,3,12,1.0,0.9004532710280374
7,3,13,1.0,0.9004532710280374
7,3,14,1.0,1.0
7,3,15,1.0,1.0
7,4,1,0.0,0.0
7,4,2,0.00733235148351703,0.024490608563700157
7,4,3,0.008154193863493883,0.022226534534920246
7,4,4,0.012497419884069797,0.8008252589240824
7,4,5,0.01834743376567165,0.7012667003655239
7,4,6,0.02012538951343479,0.7012441778430013
7,4,7,0.02101427840232368,0.8008458858858859
7,4,8,1.0,0.8008622559210794
7,4,9,1.0,0.9004189189189189
7,4,10,1.0,0.8008397333985569
7,4,11,1.0,0.9004189189189189
7,4,12,1.0,1.0
7,4,13,1.0,0.7012748119748912
7,4,14,1.0,0.7012836795868977
7,4,15,1.0,0.800817000498256
7,5,1,0.0,0.0
7,5,2,0.008786662535295722,0.025815844500559505
7,5,3,0.012250034289696152,0.028215219576365448
7,5,4,0.01719880895769279,1.0
7,5,5,0.012883948468279593,1.0
7,5,6,0.01326966374461272,0.900421052631579
7,5,7,0.01291026303535503,1.0
7,5,8,0.015298088350677197,1.0
7,5,9,0.026333827685820703,1.0
7,5,10,0.023435006353109765,1.0
7,5,11,0.024898420987256108,0.900421052631579
7,5,12,0.024898420987256108,0.900421052631579
7,5,13,1.0,0.900421052631579
7,5,14,1.0,1.0
7,5,15,1.0,0.9004497607655502
7,6,1,0.0,0.0
7,6,2,0.015140160850710621,0.03584698711039556
7,6,3,0.0236252160921301,0.04948661510346304
7,6,4,0.03915833241524544,0.7011300686363388
7,6,5,0.044975346103404805,0.8007399341071908
7,6,6,0.046378933547350995,0.8007750902813603
7,6,7,1.0,0.7011300686363388
7,6,8,1.0,1.0
7,6,9,1.0,0.900390134529148
7,6,10,1.0,0.900390134529148
7,6,11,1.0,1.0
7,6,12,1.0,1.0
7,6,13,1.0,1.0
7,6,14,1.0,0.9003849557522123
7,6,15,1.0,1.0
8,1,1,0.0,1.0
8,1,2,0.010437062937062938,1.0
8,1,3,1.0,1.0
8,1,4,0.8006538461538462,1.0
8,1,5,0.800625874125874,1.0
8,1,6,0.8006538461538462,1.0
8,1,7,0.9003251748251749,1.0
8,1,8,0.9003251748251749,1.0
8,1,9,1.0,1.0
8,1,10,1.0,1.0
8,1,11,1.0,1.0
8,1,12,1.0,1.0
8,1,13,1.0,1.0
8,1,14,1.0,1.0
8,1,15,1.0,1.0
8,2,1,0.0,1.0
8,2,2,0.011812960889719292,1.0
8,2,3,0.010243330084275925,1.0
8,2,4,0.012188250380133889,1.0
8,2,5,0.012519209743351314,1.0
8,2,6,0.9003161290322581,1.0
8,2,7,1.0,1.0
8,2,8,0.9003161290322581,1.0
8,2,9,1.0,1.0
8,2,10,1.0,1.0
8,2,11,1.0,1.0
8,2,12,1.0,1.0
8,2,13,1.0,1.0
8,2,14,1.0,1.0
8,2,15,1.0,1.0
8,3,1,0.0,0.0
8,3,2,0.011575758504734426,0.9003272727272726
8,3,3,0.019915346498962636,0.9003272727272726
8,3,4,0.014495069820572023,0.9003357664233576
8,3,5,0.013655686336484474,0.9002583025830259
8,3,6,0.01697353209558723,0.8005855753102985
8,3,7,0.01915302508185283,1.0
8,3,8,1.0,0.9003272727272726
8,3,9,1.0,1.0
8,3,10,1.0,0.9003272727272726
8,3,11,1.0,0.9003272727272726
8,3,12,1.0,0.9003272727272726
8,3,13,1.0,1.0
8,3,14,1.0,0.9003272727272726
8,3,15,1.0,0.9003272727272726
8,4,1,0.0,0.0
8,4,2,0.014923976132191296,0.020072261893284673
8,4,3,0.016438901505325627,1.0
8,4,4,0.014240764455668853,1.0
8,4,5,0.016130211037485263,1.0
8,4,6,0.02110541181182852,1.0
8,4,7,0.02438859964624136,0.9003358208955223
8,4,8,1.0,1.0
8,4,9,1.0,1.0
8,4,10,1.0,1.0
8,4,11,1.0,1.0
8,4,12,1.0,1.0
8,4,13,1.0,0.9003358208955223
8,4,14,1.0,1.0
8,4,15,1.0,0.9003358208955223
8,5,1,0.0,0.0
8,5,2,0.008823980323292081,0.8007730209375049
8,5,3,0.01595093244705414,1.0
8,5,4,0.027890818823345775,1.0
8,5,5,0.031039079851648714,1.0
8,5,6,0.9003855421686747,1.0
8,5,7,1.0,0.9003935742971887
8,5,8,1.0,0.9003935742971887
8,5,9,1.0,1.0
8,5,10,1.0,1.0
8,5,11,1.0,0.9003935742971887
8,5,12,1.0,0.9003935742971887
8,5,13,1.0,1.0
8,5,14,1.0,1.0
8,5,15,1.0,1.0
8,6,1,0.0,0.0
8,6,2,0.008413368019304203,0.02141666381522249
8,6,3,0.010596230343747364,0.019174511348854777
8,6,4,0.014546872111577628,0.03564508752198463
8,6,5,0.009763619931974478,0.03564508752198463
8,6,6,0.033999619085289555,0.033069980225847284
8,6,7,0.033999619085289555,0.03564508752198463
8,6,8,1.0,0.02936407766441564
8,6,9,1.0,0.03564508752198463
8,6,10,1.0,0.03564508752198463
8,6,11,1.0,0.03564508752198463
8,6,12,1.0,0.03244777810494427
8,6,13,1.0,1.0
8,6,14,1.0,1.0
8,6,15,1.0,1.0
9,1,1,0.0,1.0
9,1,2,0.006398203592814372,1.0
9,1,3,0.007410179640718564,1.0
9,1,4,0.010778443113772455,1.0
9,1,5,0.010479041916167664,1.0
9,1,6,0.011976047904191616,1.0
9,1,7,0.010479041916167664,1.0
9,1,8,0.010179640718562874,1.0
9,1,9,0.011077844311377245,1.0
9,1,10,0.009880239520958085,1.0
9,1,11,0.9982035928143713,1.0
9,1,12,0.9988023952095808,1.0
9,1,13,1.0,1.0
9,1,14,1.0,1.0
9,1,15,1.0,1.0
9,2,1,0.0,1.0
9,2,2,0.010005648346122359,1.0
9,2,3,0.008314089904563917,1.0
9,2,4,0.014946082028270408,1.0
9,2,5,1.0,1.0
9,2,6,1.0,1.0
9,2,7,1.0,1.0
9,2,8,1.0,1.0
9,2,9,1.0,1.0
9,2,10,1.0,1.0
9,2,11,1.0,1.0
9,2,12,1.0,1.0
9,2,13,1.0,1.0
9,2,14,1.0,1.0
9,2,15,1.0,1.0
9,3,1,0.0,1.0
9,3,2,1.0,0.9003250883392226
9,3,3,1.0,0.9003250883392226
9,3,4,1.0,1.0
9,3,5,1.0,0.9003250883392226
9,3,6,1.0,0.9003250883392226
9,3,7,1.0,1.0
9,3,8,1.0,1.0
9,3,9,1.0,1.0
9,3,10,1.0,0.9002912280701754
9,3,11,1.0,1.0
9,3,12,1.0,0.8005978482792347
9,3,13,1.0,1.0
9,3,14,1.0,1.0
9,3,15,1.0,1.0
9,4,1,0.0,0.0
9,4,2,0.008676546213524624,0.016680858140947764
9,4,3,0.01062208652227248,0.01888545645859186
9,4,4,0.01296621111771154,1.0
9,4,5,0.012560286196861248,1.0
9,4,6,0.023138933565895557,1.0
9,4,7,0.025105586973258494,0.8006513468013468
9,4,8,0.027431149306765212,1.0
9,4,9,0.01718903061500542,1.0
9,4,10,1.0,1.0
9,4,11,1.0,1.0
9,4,12,1.0,1.0
9,4,13,1.0,1.0
9,4,14,1.0,1.0
9,4,15,1.0,1.0
9,5,1,0.0,0.0
9,5,2,0.010170922513584512,0.04346238746390667
9,5,3,0.014375064888008942,0.04171761758942968
9,5,4,0.016675042521755966,0.04346238746390667
9,5,5,0.02890529846370246,0.04303319135992149
9,5,6,0.03544428966994105,0.04346238746390667
9,5,7,0.03585922742927715,0.04346238746390667
9,5,8,0.03585922742927715,0.04558103153170327
9,5,9,0.03544428966994105,0.04171761758942968
9,5,10,0.026862809336904197,0.04346238746390667
9,5,11,1.0,0.03224006656902152
9,5,12,1.0,0.03735871063681813
9,5,13,1.0,0.04438640122056243
9,5,14,1.0,0.04477796123439848
9,5,15,1.0,0.04477796123439848
9,6,1,0.0,0.0
9,6,2,0.011234478418451696,0.016773797762268925
9,6,3,0.03121094035641408,0.016684908873380037
9,6,4,0.026053519067058762,0.02777276674839079
9,6,5,0.025994118767208686,0.02777276674839079
9,6,6,0.03381963600858799,0.02777276674839079
9,6,7,0.02474542311503477,0.03427196844624317
9,6,8,0.9004177777777777,0.028642695582674953
9,6,9,1.0,0.045261920137064426
9,6,10,1.0,0.042124142359286645
9,6,11,1.0,0.03427196844624317
9,6,12,1.0,0.8007873429951691
9,6,13,1.0,0.9004177777777777
9,6,14,1.0,1.0
9,6,15,1.0,0.9004177777777777
